"id","AccessCode","ExitCode"
"0","0","0exit"
"1","1","1exit"
"2","2","2exit"
"3","3","3exit"
"4","4","4exit"
"5","5","5exit"
"6","6","6exit"
"7","7","7exit"
"8","8","8exit"
"9","9","9exit"
"10","10","10exit"
"11","11","11exit"
"12","12","12exit"
"13","13","13exit"
"14","14","14exit"
"15","15","15exit"
"16","16","16exit"
"17","17","17exit"
"18","18","18exit"
"19","19","19exit"
"20","20","20exit"
"21","21","21exit"
"22","22","22exit"
"23","23","23exit"
"24","24","24exit"
"25","25","25exit"
"26","26","26exit"
"27","27","27exit"
"28","28","28exit"
"29","29","29exit"
"30","30","30exit"
"31","31","31exit"
"32","32","32exit"
"33","33","33exit"
"34","34","34exit"
"35","35","35exit"
"36","36","36exit"
"37","37","37exit"
"38","38","38exit"
"39","39","39exit"
"40","40","40exit"
"41","41","41exit"
"42","42","42exit"
"43","43","43exit"
"44","44","44exit"
"45","45","45exit"
"46","46","46exit"
"47","47","47exit"
"48","48","48exit"
"49","49","49exit"
"50","50","50exit"
"51","51","51exit"
"52","52","52exit"
"53","53","53exit"
"54","54","54exit"
"55","55","55exit"
"56","56","56exit"
"57","57","57exit"
"58","58","58exit"
"59","59","59exit"
"60","60","60exit"
"61","61","61exit"
"62","62","62exit"
"63","63","63exit"
"64","64","64exit"
"65","65","65exit"
"66","66","66exit"
"67","67","67exit"
"68","68","68exit"
"69","69","69exit"
"70","70","70exit"
"71","71","71exit"
"72","72","72exit"
"73","73","73exit"
"74","74","74exit"
"75","75","75exit"
"76","76","76exit"
"77","77","77exit"
"78","78","78exit"
"79","79","79exit"
"80","80","80exit"
"81","81","81exit"
"82","82","82exit"
"83","83","83exit"
"84","84","84exit"
"85","85","85exit"
"86","86","86exit"
"87","87","87exit"
"88","88","88exit"
"89","89","89exit"
"90","90","90exit"
"91","91","91exit"
"92","92","92exit"
"93","93","93exit"
"94","94","94exit"
"95","95","95exit"
"96","96","96exit"
"97","97","97exit"
"98","98","98exit"
"99","99","99exit"
"100","100","100exit"
"101","101","101exit"
"102","102","102exit"
"103","103","103exit"
"104","104","104exit"
"105","105","105exit"
"106","106","106exit"
"107","107","107exit"
"108","108","108exit"
"109","109","109exit"
"110","110","110exit"
"111","111","111exit"
"112","112","112exit"
"113","113","113exit"
"114","114","114exit"
"115","115","115exit"
"116","116","116exit"
"117","117","117exit"
"118","118","118exit"
"119","119","119exit"
"120","120","120exit"
"121","121","121exit"
"122","122","122exit"
"123","123","123exit"
"124","124","124exit"
"125","125","125exit"
"126","126","126exit"
"127","127","127exit"
"128","128","128exit"
"129","129","129exit"
"130","130","130exit"
"131","131","131exit"
"132","132","132exit"
"133","133","133exit"
"134","134","134exit"
"135","135","135exit"
"136","136","136exit"
"137","137","137exit"
"138","138","138exit"
"139","139","139exit"
"140","140","140exit"
"141","141","141exit"
"142","142","142exit"
"143","143","143exit"
"144","144","144exit"
"145","145","145exit"
"146","146","146exit"
"147","147","147exit"
"148","148","148exit"
"149","149","149exit"
"150","150","150exit"
"151","151","151exit"
"152","152","152exit"
"153","153","153exit"
"154","154","154exit"
"155","155","155exit"
"156","156","156exit"
"157","157","157exit"
"158","158","158exit"
"159","159","159exit"
"160","160","160exit"
"161","161","161exit"
"162","162","162exit"
"163","163","163exit"
"164","164","164exit"
"165","165","165exit"
"166","166","166exit"
"167","167","167exit"
"168","168","168exit"
"169","169","169exit"
"170","170","170exit"
"171","171","171exit"
"172","172","172exit"
"173","173","173exit"
"174","174","174exit"
"175","175","175exit"
"176","176","176exit"
"177","177","177exit"
"178","178","178exit"
"179","179","179exit"
"180","180","180exit"
"181","181","181exit"
"182","182","182exit"
"183","183","183exit"
"184","184","184exit"
"185","185","185exit"
"186","186","186exit"
"187","187","187exit"
"188","188","188exit"
"189","189","189exit"
"190","190","190exit"
"191","191","191exit"
"192","192","192exit"
"193","193","193exit"
"194","194","194exit"
"195","195","195exit"
"196","196","196exit"
"197","197","197exit"
"198","198","198exit"
"199","199","199exit"
"200","200","200exit"
"201","201","201exit"
"202","202","202exit"
"203","203","203exit"
"204","204","204exit"
"205","205","205exit"
"206","206","206exit"
"207","207","207exit"
"208","208","208exit"
"209","209","209exit"
"210","210","210exit"
"211","211","211exit"
"212","212","212exit"
"213","213","213exit"
"214","214","214exit"
"215","215","215exit"
"216","216","216exit"
"217","217","217exit"
"218","218","218exit"
"219","219","219exit"
"220","220","220exit"
"221","221","221exit"
"222","222","222exit"
"223","223","223exit"
"224","224","224exit"
"225","225","225exit"
"226","226","226exit"
"227","227","227exit"
"228","228","228exit"
"229","229","229exit"
"230","230","230exit"
"231","231","231exit"
"232","232","232exit"
"233","233","233exit"
"234","234","234exit"
"235","235","235exit"
"236","236","236exit"
"237","237","237exit"
"238","238","238exit"
"239","239","239exit"
"240","240","240exit"
"241","241","241exit"
"242","242","242exit"
"243","243","243exit"
"244","244","244exit"
"245","245","245exit"
"246","246","246exit"
"247","247","247exit"
"248","248","248exit"
"249","249","249exit"
"250","250","250exit"
"251","251","251exit"
"252","252","252exit"
"253","253","253exit"
"254","254","254exit"
"255","255","255exit"
"256","256","256exit"
"257","257","257exit"
"258","258","258exit"
"259","259","259exit"
"260","260","260exit"
"261","261","261exit"
"262","262","262exit"
"263","263","263exit"
"264","264","264exit"
"265","265","265exit"
"266","266","266exit"
"267","267","267exit"
"268","268","268exit"
"269","269","269exit"
"270","270","270exit"
"271","271","271exit"
"272","272","272exit"
"273","273","273exit"
"274","274","274exit"
"275","275","275exit"
"276","276","276exit"
"277","277","277exit"
"278","278","278exit"
"279","279","279exit"
"280","280","280exit"
"281","281","281exit"
"282","282","282exit"
"283","283","283exit"
"284","284","284exit"
"285","285","285exit"
"286","286","286exit"
"287","287","287exit"
"288","288","288exit"
"289","289","289exit"
"290","290","290exit"
"291","291","291exit"
"292","292","292exit"
"293","293","293exit"
"294","294","294exit"
"295","295","295exit"
"296","296","296exit"
"297","297","297exit"
"298","298","298exit"
"299","299","299exit"
"300","300","300exit"
"301","301","301exit"
"302","302","302exit"
"303","303","303exit"
"304","304","304exit"
"305","305","305exit"
"306","306","306exit"
"307","307","307exit"
"308","308","308exit"
"309","309","309exit"
"310","310","310exit"
"311","311","311exit"
"312","312","312exit"
"313","313","313exit"
"314","314","314exit"
"315","315","315exit"
"316","316","316exit"
"317","317","317exit"
"318","318","318exit"
"319","319","319exit"
"320","320","320exit"
"321","321","321exit"
"322","322","322exit"
"323","323","323exit"
"324","324","324exit"
"325","325","325exit"
"326","326","326exit"
"327","327","327exit"
"328","328","328exit"
"329","329","329exit"
"330","330","330exit"
"331","331","331exit"
"332","332","332exit"
"333","333","333exit"
"334","334","334exit"
"335","335","335exit"
"336","336","336exit"
"337","337","337exit"
"338","338","338exit"
"339","339","339exit"
"340","340","340exit"
"341","341","341exit"
"342","342","342exit"
"343","343","343exit"
"344","344","344exit"
"345","345","345exit"
"346","346","346exit"
"347","347","347exit"
"348","348","348exit"
"349","349","349exit"
"350","350","350exit"
"351","351","351exit"
"352","352","352exit"
"353","353","353exit"
"354","354","354exit"
"355","355","355exit"
"356","356","356exit"
"357","357","357exit"
"358","358","358exit"
"359","359","359exit"
"360","360","360exit"
"361","361","361exit"
"362","362","362exit"
"363","363","363exit"
"364","364","364exit"
"365","365","365exit"
"366","366","366exit"
"367","367","367exit"
"368","368","368exit"
"369","369","369exit"
"370","370","370exit"
"371","371","371exit"
"372","372","372exit"
"373","373","373exit"
"374","374","374exit"
"375","375","375exit"
"376","376","376exit"
"377","377","377exit"
"378","378","378exit"
"379","379","379exit"
"380","380","380exit"
"381","381","381exit"
"382","382","382exit"
"383","383","383exit"
"384","384","384exit"
"385","385","385exit"
"386","386","386exit"
"387","387","387exit"
"388","388","388exit"
"389","389","389exit"
"390","390","390exit"
"391","391","391exit"
"392","392","392exit"
"393","393","393exit"
"394","394","394exit"
"395","395","395exit"
"396","396","396exit"
"397","397","397exit"
"398","398","398exit"
"399","399","399exit"
"400","400","400exit"
"401","401","401exit"
"402","402","402exit"
"403","403","403exit"
"404","404","404exit"
"405","405","405exit"
"406","406","406exit"
"407","407","407exit"
"408","408","408exit"
"409","409","409exit"
"410","410","410exit"
"411","411","411exit"
"412","412","412exit"
"413","413","413exit"
"414","414","414exit"
"415","415","415exit"
"416","416","416exit"
"417","417","417exit"
"418","418","418exit"
"419","419","419exit"
"420","420","420exit"
"421","421","421exit"
"422","422","422exit"
"423","423","423exit"
"424","424","424exit"
"425","425","425exit"
"426","426","426exit"
"427","427","427exit"
"428","428","428exit"
"429","429","429exit"
"430","430","430exit"
"431","431","431exit"
"432","432","432exit"
"433","433","433exit"
"434","434","434exit"
"435","435","435exit"
"436","436","436exit"
"437","437","437exit"
"438","438","438exit"
"439","439","439exit"
"440","440","440exit"
"441","441","441exit"
"442","442","442exit"
"443","443","443exit"
"444","444","444exit"
"445","445","445exit"
"446","446","446exit"
"447","447","447exit"
"448","448","448exit"
"449","449","449exit"
"450","450","450exit"
"451","451","451exit"
"452","452","452exit"
"453","453","453exit"
"454","454","454exit"
"455","455","455exit"
"456","456","456exit"
"457","457","457exit"
"458","458","458exit"
"459","459","459exit"
"460","460","460exit"
"461","461","461exit"
"462","462","462exit"
"463","463","463exit"
"464","464","464exit"
"465","465","465exit"
"466","466","466exit"
"467","467","467exit"
"468","468","468exit"
"469","469","469exit"
"470","470","470exit"
"471","471","471exit"
"472","472","472exit"
"473","473","473exit"
"474","474","474exit"
"475","475","475exit"
"476","476","476exit"
"477","477","477exit"
"478","478","478exit"
"479","479","479exit"
"480","480","480exit"
"481","481","481exit"
"482","482","482exit"
"483","483","483exit"
"484","484","484exit"
"485","485","485exit"
"486","486","486exit"
"487","487","487exit"
"488","488","488exit"
"489","489","489exit"
"490","490","490exit"
"491","491","491exit"
"492","492","492exit"
"493","493","493exit"
"494","494","494exit"
"495","495","495exit"
"496","496","496exit"
"497","497","497exit"
"498","498","498exit"
"499","499","499exit"
"500","500","500exit"
"501","501","501exit"
"502","502","502exit"
"503","503","503exit"
"504","504","504exit"
"505","505","505exit"
"506","506","506exit"
"507","507","507exit"
"508","508","508exit"
"509","509","509exit"
"510","510","510exit"
"511","511","511exit"
"512","512","512exit"
"513","513","513exit"
"514","514","514exit"
"515","515","515exit"
"516","516","516exit"
"517","517","517exit"
"518","518","518exit"
"519","519","519exit"
"520","520","520exit"
"521","521","521exit"
"522","522","522exit"
"523","523","523exit"
"524","524","524exit"
"525","525","525exit"
"526","526","526exit"
"527","527","527exit"
"528","528","528exit"
"529","529","529exit"
"530","530","530exit"
"531","531","531exit"
"532","532","532exit"
"533","533","533exit"
"534","534","534exit"
"535","535","535exit"
"536","536","536exit"
"537","537","537exit"
"538","538","538exit"
"539","539","539exit"
"540","540","540exit"
"541","541","541exit"
"542","542","542exit"
"543","543","543exit"
"544","544","544exit"
"545","545","545exit"
"546","546","546exit"
"547","547","547exit"
"548","548","548exit"
"549","549","549exit"
"550","550","550exit"
"551","551","551exit"
"552","552","552exit"
"553","553","553exit"
"554","554","554exit"
"555","555","555exit"
"556","556","556exit"
"557","557","557exit"
"558","558","558exit"
"559","559","559exit"
"560","560","560exit"
"561","561","561exit"
"562","562","562exit"
"563","563","563exit"
"564","564","564exit"
"565","565","565exit"
"566","566","566exit"
"567","567","567exit"
"568","568","568exit"
"569","569","569exit"
"570","570","570exit"
"571","571","571exit"
"572","572","572exit"
"573","573","573exit"
"574","574","574exit"
"575","575","575exit"
"576","576","576exit"
"577","577","577exit"
"578","578","578exit"
"579","579","579exit"
"580","580","580exit"
"581","581","581exit"
"582","582","582exit"
"583","583","583exit"
"584","584","584exit"
"585","585","585exit"
"586","586","586exit"
"587","587","587exit"
"588","588","588exit"
"589","589","589exit"
"590","590","590exit"
"591","591","591exit"
"592","592","592exit"
"593","593","593exit"
"594","594","594exit"
"595","595","595exit"
"596","596","596exit"
"597","597","597exit"
"598","598","598exit"
"599","599","599exit"
"600","600","600exit"
"601","601","601exit"
"602","602","602exit"
"603","603","603exit"
"604","604","604exit"
"605","605","605exit"
"606","606","606exit"
"607","607","607exit"
"608","608","608exit"
"609","609","609exit"
"610","610","610exit"
"611","611","611exit"
"612","612","612exit"
"613","613","613exit"
"614","614","614exit"
"615","615","615exit"
"616","616","616exit"
"617","617","617exit"
"618","618","618exit"
"619","619","619exit"
"620","620","620exit"
"621","621","621exit"
"622","622","622exit"
"623","623","623exit"
"624","624","624exit"
"625","625","625exit"
"626","626","626exit"
"627","627","627exit"
"628","628","628exit"
"629","629","629exit"
"630","630","630exit"
"631","631","631exit"
"632","632","632exit"
"633","633","633exit"
"634","634","634exit"
"635","635","635exit"
"636","636","636exit"
"637","637","637exit"
"638","638","638exit"
"639","639","639exit"
"640","640","640exit"
"641","641","641exit"
"642","642","642exit"
"643","643","643exit"
"644","644","644exit"
"645","645","645exit"
"646","646","646exit"
"647","647","647exit"
"648","648","648exit"
"649","649","649exit"
"650","650","650exit"
"651","651","651exit"
"652","652","652exit"
"653","653","653exit"
"654","654","654exit"
"655","655","655exit"
"656","656","656exit"
"657","657","657exit"
"658","658","658exit"
"659","659","659exit"
"660","660","660exit"
"661","661","661exit"
"662","662","662exit"
"663","663","663exit"
"664","664","664exit"
"665","665","665exit"
"666","666","666exit"
"667","667","667exit"
"668","668","668exit"
"669","669","669exit"
"670","670","670exit"
"671","671","671exit"
"672","672","672exit"
"673","673","673exit"
"674","674","674exit"
"675","675","675exit"
"676","676","676exit"
"677","677","677exit"
"678","678","678exit"
"679","679","679exit"
"680","680","680exit"
"681","681","681exit"
"682","682","682exit"
"683","683","683exit"
"684","684","684exit"
"685","685","685exit"
"686","686","686exit"
"687","687","687exit"
"688","688","688exit"
"689","689","689exit"
"690","690","690exit"
"691","691","691exit"
"692","692","692exit"
"693","693","693exit"
"694","694","694exit"
"695","695","695exit"
"696","696","696exit"
"697","697","697exit"
"698","698","698exit"
"699","699","699exit"
"700","700","700exit"
"701","701","701exit"
"702","702","702exit"
"703","703","703exit"
"704","704","704exit"
"705","705","705exit"
"706","706","706exit"
"707","707","707exit"
"708","708","708exit"
"709","709","709exit"
"710","710","710exit"
"711","711","711exit"
"712","712","712exit"
"713","713","713exit"
"714","714","714exit"
"715","715","715exit"
"716","716","716exit"
"717","717","717exit"
"718","718","718exit"
"719","719","719exit"
"720","720","720exit"
"721","721","721exit"
"722","722","722exit"
"723","723","723exit"
"724","724","724exit"
"725","725","725exit"
"726","726","726exit"
"727","727","727exit"
"728","728","728exit"
"729","729","729exit"
"730","730","730exit"
"731","731","731exit"
"732","732","732exit"
"733","733","733exit"
"734","734","734exit"
"735","735","735exit"
"736","736","736exit"
"737","737","737exit"
"738","738","738exit"
"739","739","739exit"
"740","740","740exit"
"741","741","741exit"
"742","742","742exit"
"743","743","743exit"
"744","744","744exit"
"745","745","745exit"
"746","746","746exit"
"747","747","747exit"
"748","748","748exit"
"749","749","749exit"
"750","750","750exit"
"751","751","751exit"
"752","752","752exit"
"753","753","753exit"
"754","754","754exit"
"755","755","755exit"
"756","756","756exit"
"757","757","757exit"
"758","758","758exit"
"759","759","759exit"
"760","760","760exit"
"761","761","761exit"
"762","762","762exit"
"763","763","763exit"
"764","764","764exit"
"765","765","765exit"
"766","766","766exit"
"767","767","767exit"
"768","768","768exit"
"769","769","769exit"
"770","770","770exit"
"771","771","771exit"
"772","772","772exit"
"773","773","773exit"
"774","774","774exit"
"775","775","775exit"
"776","776","776exit"
"777","777","777exit"
"778","778","778exit"
"779","779","779exit"
"780","780","780exit"
"781","781","781exit"
"782","782","782exit"
"783","783","783exit"
"784","784","784exit"
"785","785","785exit"
"786","786","786exit"
"787","787","787exit"
"788","788","788exit"
"789","789","789exit"
"790","790","790exit"
"791","791","791exit"
"792","792","792exit"
"793","793","793exit"
"794","794","794exit"
"795","795","795exit"
"796","796","796exit"
"797","797","797exit"
"798","798","798exit"
"799","799","799exit"
"800","800","800exit"
"801","801","801exit"
"802","802","802exit"
"803","803","803exit"
"804","804","804exit"
"805","805","805exit"
"806","806","806exit"
"807","807","807exit"
"808","808","808exit"
"809","809","809exit"
"810","810","810exit"
"811","811","811exit"
"812","812","812exit"
"813","813","813exit"
"814","814","814exit"
"815","815","815exit"
"816","816","816exit"
"817","817","817exit"
"818","818","818exit"
"819","819","819exit"
"820","820","820exit"
"821","821","821exit"
"822","822","822exit"
"823","823","823exit"
"824","824","824exit"
"825","825","825exit"
"826","826","826exit"
"827","827","827exit"
"828","828","828exit"
"829","829","829exit"
"830","830","830exit"
"831","831","831exit"
"832","832","832exit"
"833","833","833exit"
"834","834","834exit"
"835","835","835exit"
"836","836","836exit"
"837","837","837exit"
"838","838","838exit"
"839","839","839exit"
"840","840","840exit"
"841","841","841exit"
"842","842","842exit"
"843","843","843exit"
"844","844","844exit"
"845","845","845exit"
"846","846","846exit"
"847","847","847exit"
"848","848","848exit"
"849","849","849exit"
"850","850","850exit"
"851","851","851exit"
"852","852","852exit"
"853","853","853exit"
"854","854","854exit"
"855","855","855exit"
"856","856","856exit"
"857","857","857exit"
"858","858","858exit"
"859","859","859exit"
"860","860","860exit"
"861","861","861exit"
"862","862","862exit"
"863","863","863exit"
"864","864","864exit"
"865","865","865exit"
"866","866","866exit"
"867","867","867exit"
"868","868","868exit"
"869","869","869exit"
"870","870","870exit"
"871","871","871exit"
"872","872","872exit"
"873","873","873exit"
"874","874","874exit"
"875","875","875exit"
"876","876","876exit"
"877","877","877exit"
"878","878","878exit"
"879","879","879exit"
"880","880","880exit"
"881","881","881exit"
"882","882","882exit"
"883","883","883exit"
"884","884","884exit"
"885","885","885exit"
"886","886","886exit"
"887","887","887exit"
"888","888","888exit"
"889","889","889exit"
"890","890","890exit"
"891","891","891exit"
"892","892","892exit"
"893","893","893exit"
"894","894","894exit"
"895","895","895exit"
"896","896","896exit"
"897","897","897exit"
"898","898","898exit"
"899","899","899exit"
"900","900","900exit"
"901","901","901exit"
"902","902","902exit"
"903","903","903exit"
"904","904","904exit"
"905","905","905exit"
"906","906","906exit"
"907","907","907exit"
"908","908","908exit"
"909","909","909exit"
"910","910","910exit"
"911","911","911exit"
"912","912","912exit"
"913","913","913exit"
"914","914","914exit"
"915","915","915exit"
"916","916","916exit"
"917","917","917exit"
"918","918","918exit"
"919","919","919exit"
"920","920","920exit"
"921","921","921exit"
"922","922","922exit"
"923","923","923exit"
"924","924","924exit"
"925","925","925exit"
"926","926","926exit"
"927","927","927exit"
"928","928","928exit"
"929","929","929exit"
"930","930","930exit"
"931","931","931exit"
"932","932","932exit"
"933","933","933exit"
"934","934","934exit"
"935","935","935exit"
"936","936","936exit"
"937","937","937exit"
"938","938","938exit"
"939","939","939exit"
"940","940","940exit"
"941","941","941exit"
"942","942","942exit"
"943","943","943exit"
"944","944","944exit"
"945","945","945exit"
"946","946","946exit"
"947","947","947exit"
"948","948","948exit"
"949","949","949exit"
"950","950","950exit"
"951","951","951exit"
"952","952","952exit"
"953","953","953exit"
"954","954","954exit"
"955","955","955exit"
"956","956","956exit"
"957","957","957exit"
"958","958","958exit"
"959","959","959exit"
"960","960","960exit"
"961","961","961exit"
"962","962","962exit"
"963","963","963exit"
"964","964","964exit"
"965","965","965exit"
"966","966","966exit"
"967","967","967exit"
"968","968","968exit"
"969","969","969exit"
"970","970","970exit"
"971","971","971exit"
"972","972","972exit"
"973","973","973exit"
"974","974","974exit"
"975","975","975exit"
"976","976","976exit"
"977","977","977exit"
"978","978","978exit"
"979","979","979exit"
"980","980","980exit"
"981","981","981exit"
"982","982","982exit"
"983","983","983exit"
"984","984","984exit"
"985","985","985exit"
"986","986","986exit"
"987","987","987exit"
"988","988","988exit"
"989","989","989exit"
"990","990","990exit"
"991","991","991exit"
"992","992","992exit"
"993","993","993exit"
"994","994","994exit"
"995","995","995exit"
"996","996","996exit"
"997","997","997exit"
"998","998","998exit"
"999","999","999exit"
